key,type,status,priority,assignee,sprint,fix_version,created,summary
SAM1-11,Task,Done,Medium,Pawaris Koonsri,Sprint 1,2.0.0-evolution,2026-06-29,"Assign team roles: PM / Tech Lead / Developer / QA"
SAM1-12,Story,Done,High,Pawaris Koonsri,Sprint 1,2.0.0-evolution,2026-06-29,"Draft Project Charter (Objectives, Scope, Deliverables, Risks)"
SAM1-13,Task,Done,High,Pawaris Koonsri,Sprint 1,2.0.0-evolution,2026-06-29,"Set up Jira/Trello board & import this backlog"
SAM1-14,Task,Done,High,พนาวุฒน์ อภิปสันติ,Sprint 1,2.0.0-evolution,2026-06-29,"Refactor: remove reliance on global state (global x)"
SAM1-15,Task,Done,High,ทวีชัย ทิใจ,Sprint 1,2.0.0-evolution,2026-06-29,"Fix variable c (qty) colliding with dict key c (category)"
SAM1-16,Task,Done,High,ทวีชัย ทิใจ,Sprint 1,2.0.0-evolution,2026-06-29,"Add input validation for Qty / Price fields"
SAM1-17,Task,Done,High,ทวีชัย ทิใจ,Sprint 1,2.0.0-evolution,2026-06-29,"Fix: negative stock-cut amount increases stock instead of reducing it"
SAM1-18,Task,Done,Medium,พนาวุฒน์ อภิปสันติ,Sprint 1,2.0.0-evolution,2026-06-29,"Resolve duplicate if/else logic in Add/Update menu"
SAM1-19,Task,Done,Medium,พนาวุฒน์ อภิปสันติ,Sprint 1,2.0.0-evolution,2026-06-29,"Unify low-stock threshold (currently <5 vs <10)"
SAM1-20,Task,Done,Medium,ทวีชัย ทิใจ,Sprint 1,2.0.0-evolution,2026-06-29,"Add error handling for file read / write"
SAM1-21,Task,Done,Medium,ทวีชัย ทิใจ,Sprint 1,2.0.0-evolution,2026-06-29,"Implement backup / atomic write for save()"
SAM1-22,Task,Done,Low,ทวีชัย ทิใจ,Sprint 1,2.0.0-evolution,2026-06-29,"Rename Check Check menu to a clearer label"
SAM1-23,Story,Done,High,Jakwanplus RB6,Sprint 1,2.0.0-evolution,2026-06-29,"Write test plan & test cases for all 5 menus"
SAM1-24,Story,Done,High,Jakwanplus RB6,Sprint 1,2.0.0-evolution,2026-06-29,"Write unit tests for load() / save() / business logic"
SAM1-25,Story,Done,Medium,Pawaris Koonsri,Sprint 1,2.0.0-evolution,2026-06-29,"Write System Architecture Document (v1.1)"
SAM1-26,Task,Done,Low,Pawaris Koonsri,Sprint 1,2.0.0-evolution,2026-06-29,"Write changelog & prepare end-of-term presentation"
SAM1-28,Task,Done,Medium,ทวีชัย ทิใจ,Sprint 2,2.0.0-evolution,2026-08-10,"สร้าง Product dataclass + to_dict() + from_dict()"
SAM1-29,Task,Done,Medium,Jakwanplus RB6,Sprint 2,2.0.0-evolution,2026-08-10,"เขียน Unit Tests สำหรับ Product class"
SAM1-31,Task,Done,Medium,พนาวุฒน์ อภิปสันติ,Sprint 2,2.0.0-evolution,2026-08-10,"สร้าง InventoryRepository class + atomic write"
SAM1-33,Task,Done,Medium,Jakwanplus RB6,Sprint 2,2.0.0-evolution,2026-08-10,"เขียน Unit Tests สำหรับ InventoryRepository"
SAM1-34,Task,Done,Medium,ทวีชัย ทิใจ,Sprint 2,2.0.0-evolution,2026-08-10,"สร้าง InventoryService class"
SAM1-35,Task,Done,Medium,Jakwanplus RB6,Sprint 2,2.0.0-evolution,2026-08-10,"เขียน Unit Tests สำหรับ InventoryService"
SAM1-36,Story,Done,Medium,,Sprint 2,2.0.0-evolution,2026-08-10,"Communication Matrix"
SAM1-37,Task,Done,Medium,ทวีชัย ทิใจ,Sprint 2,2.0.0-evolution,2026-08-10,"สร้าง ConsoleUI class"
SAM1-38,Story,Done,Medium,,Sprint 2,2.0.0-evolution,2026-08-10,"Default Checklist สำหรับ DoR และ DoD (PyTest 100%)"
SAM1-39,Task,Done,Medium,Jakwanplus RB6,Sprint 2; Sprint 3,2.0.0-evolution,2026-08-10,"เขียน Unit Tests สำหรับ ConsoleUI"
SAM1-40,Task,Done,Medium,Jakwanplus RB6,Sprint 2,2.0.0-evolution,2026-08-10,"Integration Test — class ทั้ง 4 end-to-end"
SAM1-41,Task,Done,Medium,พนาวุฒน์ อภิปสันติ,Sprint 2,2.0.0-evolution,2026-08-10,"อัปเดต Architecture Document (v2.0 class-based)"
SAM1-42,Task,Done,Medium,พนาวุฒน์ อภิปสันติ,Sprint 2,2.0.0-evolution,2026-08-10,"Code Review ทุก class ก่อน merge → develop"
SAM1-43,Task,Done,Medium,Pawaris Koonsri,Sprint 2,2.0.0-evolution,2026-08-10,"อัปเดต README, CHANGELOG และ release tag v2.0"
SAM1-44,Story,Done,Medium,,Sprint 2,2.0.0-evolution,2026-09-07,"CR-01 เพิ่ม Barcode และ Reorder Point"
SAM1-45,Story,Done,Medium,,Sprint 2,2.0.0-evolution,2026-09-07,"CR-02 Export รายงานสต๊อกเป็นไฟล์ CSV"
SAM1-46,Task,Done,High,,Sprint 2,2.0.0-evolution,2026-09-07,"DEF-03 ข้อมูลเสียแถวเดียวทำให้เปิดโปรแกรมไม่ได้"
SAM1-47,Task,Done,Medium,,Sprint 2,2.0.0-evolution,2026-09-07,"DEF-01 Barcode ซ้ำกันได้"
SAM1-48,Task,Done,Medium,,Sprint 2,2.0.0-evolution,2026-09-07,"DEF-02 Reorder point ติดลบถูกบันทึก"
SAM1-49,Task,Done,Medium,พนาวุฒน์ อภิปสันติ,Sprint 3,2.0.0-evolution,2026-10-05,"S3-01 Flake8 clean-up + project lint config"
SAM1-50,Task,Done,Medium,Jakwanplus RB6,Sprint 3,2.0.0-evolution,2026-10-05,"S3-02 Bandit security scan + รายงานผล"
SAM1-51,Task,Done,Medium,ทวีชัย ทิใจ,Sprint 3,2.0.0-evolution,2026-10-05,"S3-03 Refactor code smells"
SAM1-52,Task,Done,Medium,ทวีชัย ทิใจ,Sprint 3,2.0.0-evolution,2026-10-05,"S3-04 Atomic file writing + robust exception handling"
SAM1-53,Task,Done,Medium,Jakwanplus RB6,Sprint 3,2.0.0-evolution,2026-10-05,"S3-05 Integration test + coverage ≥ 90% + CI gates"
SAM1-54,Task,Done,Medium,Jakwanplus RB6,Sprint 3,2.0.0-evolution,2026-10-05,"S3-06 UAT scenarios · ดำเนินการ · ใบ Sign-off (UAT จำลอง)"
SAM1-55,Task,Done,Medium,ทวีชัย ทิใจ,Sprint 3,2.0.0-evolution,2026-10-05,"S3-07 แก้ข้อบกพร่องที่พบจาก UAT"
SAM1-56,Task,Done,Medium,พนาวุฒน์ อภิปสันติ,Sprint 3,2.0.0-evolution,2026-10-05,"S3-08 Release v2.0.0-evolution"
SAM1-57,Task,Done,Medium,Pawaris Koonsri,Sprint 3,2.0.0-evolution,2026-10-05,"S3-09 Maintenance Summary Report (ISO/IEC 14764)"
SAM1-58,Task,Done,High,ทวีชัย ทิใจ,Sprint 3,2.0.0-evolution,2026-10-05,"UAT-DEF-01 ตัดสต๊อกถึง Reorder Point แล้วไม่เตือน"
SAM1-59,Story,To Do,Medium,,,3.0,2026-10-05,"FB-01 ส่งออก CSV เฉพาะสินค้าที่สต๊อกต่ำ"
SAM1-60,Story,To Do,Medium,,,3.0,2026-10-05,"FB-02 ส่งอีเมลหาซัพพลายเออร์อัตโนมัติ"
SAM1-61,Story,To Do,Medium,,,3.0,2026-10-05,"FB-03 เปลี่ยนที่เก็บข้อมูลจาก JSON เป็น SQLite"
SAM1-62,Story,To Do,Medium,,,3.0,2026-10-05,"FB-04 รองรับผู้ใช้หลายคนพร้อมกัน"
